{
  "name": "o365-nodejs-microsoft-graph-connect",
  "version": "1.0.0",
  "description": "Connecting to Office 365 is the first step every Node.js app must take to start working with Office 365 services and data. This sample shows how to connect and then call one endpoint through the Microsoft Graph API.",
  "private": true,
  "scripts": {
    "start": "mocha ./tests/confTest.js && node ./bin/www",
    "lint": "eslint .",
    "test": "mocha ./tests/integrationTest.js --timeout 10000",
    "automatedTest": "mocha ./tests/automatedTest.js --timeout 20000"
  },
  "keywords": [
    "o365",
    "microsoft",
    "nodejs",
    "unified"
  ],
  "author": "PatSol",
  "license": "MIT",
  "dependencies": {
    "body-parser": "latest",
    "cookie-parser": "latest",
    "cookie-session": "latest",
    "debug": "latest",
    "express": "latest",
    "express-session": "latest",
    "hbs": "~3",
    "morgan": "latest",
    "node-uuid": "latest",
    "oauth": "latest",
    "serve-favicon": "latest"
  },
  "devDependencies": {
    "eslint": "latest",
    "eslint-config-airbnb": "latest",
    "eslint-plugin-import": "latest",
    "eslint-plugin-react": "latest",
    "gulp": "latest",
    "gulp-nodemon": "latest",
    "mocha": "latest",
    "selenium-webdriver": "latest"
  }
}
